﻿IDs,Species,Subspecies,Locality 1,Locality 2,Locality 3
WHB-TN-0001,Wulfenite,,Red Cloud Mine,La Paz County,"Arizona, USA"
WHB-TN-0002,Halite,,Searles Lake,Trona,"California, USA"
WHB-TN-0003,Hematite,,Coluna Mine,Minas Gerais,Brazil
WHB-TN-0004,Azurite,,Kerrouchene,Meknes-Tafilalet region,Morocco
WHB-TN-0005,Fluorite,with Pyrite,Minerva #1 Mine,Hardin County,"Illinois, USA"
WHB-TN-0006,Topaz,,Gilgit,Gilgit-Baltistan,Pakistan
WHB-TN-0007,Stibnite,,Wuning Mine,Jiangxi Province,China
WHB-TN-0008,Fluorite,,Rogerely Mine,Durham County,England
WHB-TN-0009,Vanadinite,,Mibladen,Midelt Province,Morocco
WHB-TN-0010,Descloizite,,Berg Aukas Mine,Otjozondjupa Region,Namibia
WHB-TN-0011,Epidote,with Orthoclase,Skardu District,Gilgit-Baltistan,Pakistan
WHB-TN-0012,Wulfenite,,Glove Mine,Santa Cruz County,"Arizona, USA"
WHB-TN-0013,Wulfenite,with Mimetite,Rowley Mine,Maricopa County,"Arizona, USA"
WHB-TN-0014,Hematite,,Thomas Range,Juab County,"Utah, USA"
WHB-TN-0015,Cavansite,,Wagholi Quarries,Pune District,India
WHB-TN-0016,Quartz,var. Amethyst,Las Vigas de Ramirez,Veracruz,Mexico
WHB-TN-0017,Quartz,var. Smoky,Fat Jack Mine,Yavapai County,"Arizona, USA"
WHB-TN-0018,Gypsum,var. Selenite,Blanchard Mine,Socorro County,"New Mexico, USA"
WHB-TN-0019,Dioptase,,Tsumeb Mine,Oshikoto Region,Namibia
WHB-TN-0020,Calcite,,Rensselaer Quarry,Jasper County,"Indiana, USA"
WHB-TN-0021,Brochantite,,Milpillas Mine,Sonora,Mexico
WHB-TN-0022,Gold,,Grass Valley,Nevada County,"California, USA"
WHB-TN-0023,Barite,,Raymer,Weld County,"Colorado, USA"
WHB-TN-0024,Calcite,,Naica,Chihuahua,Mexico
WHB-TN-0025,Azurite,with Malachite,Milpillas Mine,Sonora,Mexico
WHB-TN-0026,Copper,,New Cornelia Mine,Pima County,"Arizona, USA"
WHB-TN-0027,Linarite,on Quartz,Blanchard Mine,Socorro County,"New Mexico, USA"
WHB-TN-0028,Beryl,var. Aquamarine,Ambatondrazaka District,Toamasina District,Madagascar
WHB-TN-0029,Vanadinite,,Pure Potential Mine,La Paz County,"Arizona, USA"