,name,xpos,ypos,cent,maxw,font,size,caps,sci
0,IDs,10,7,1,450,/Users/David 1/Desktop/The Tibbits Collection/Tkinter Labels/Fonts/HNRoman.ttf,24,0,0
1,Species,225,21,0,420,/Users/David 1/Desktop/The Tibbits Collection/Tkinter Labels/Fonts/HNRoman.ttf,50,0,0
2,Subspecies,225,65,0,420,/Users/David 1/Desktop/The Tibbits Collection/Tkinter Labels/Fonts/HNRoman.ttf,50,0,0
3,Locality 1,225,143,0,420,/Users/David 1/Desktop/The Tibbits Collection/Tkinter Labels/Fonts/HNRoman.ttf,50,0,0
4,Locality 2,225,185,0,420,/Users/David 1/Desktop/The Tibbits Collection/Tkinter Labels/Fonts/HNRoman.ttf,50,0,0
5,Locality 3,225,228,0,420,/Users/David 1/Desktop/The Tibbits Collection/Tkinter Labels/Fonts/HNRoman.ttf,50,0,0
